"Bacteria, NifD",Amino Acid,DNA ,Person who will do/ did this 
FCX16C Verrucomicrobia,MSDITPTPNEGYDSEGYPIPSANIPDAAEARAEMLKIYPPKTRKKREKQLLLNDPENPPEIGANTRTVPGIITQRGCTYAGCRGVVIGPIHDILHITHGPVGCSYYSWLTRRNLARIKPGQPINYLQYCMTTDMMEEEIIFGGEKKLAAAIREAYRIFKPKAIAVYATCPVGLIGDDIHSVCRLAKEELGINVFGFSCEGYKGVSQSAGHHIANNGVFKHMVGLLDEPDKAEFRINVLGEYNIGGDAWAIDQLLQKCGIHVTATLSGDISYEQICKCHTSDLNIVMCHRSINYMAEMMETKYGIPWIKVNFIGAEQTAKSLRKIAQFFGEKKLIDRVEEVIAQEMAELRPVIEDVKSRLQGKTAAMFVGGSRAHHYQHLFKDVGMLTVAAGYEFAHRDDYEGRQVLPSIKIDADSRNIEEIDVEADPKRFNPRKSPEQLDALSKGGFSFKDYDGMMREMKKSMLIIDDISHHEIEKLIELYKPDIIGSGIKDKFVIEKFGVPCKQLHSYDYGGPYAAFTGAANFYKEIDRMIGTKVWKLVTPAWKKPADADTALGKGIDSPRNKAIREVVAGMAKAWKPKAKAEPSEA*,ATGTCAGACATCACTCCCACGCCCAACGAGGGCTACGACAGCGAGGGCTACCCGATCCCGTCGGCGAACATTCCCGACGCCGCCGAGGCCCGCGCGGAGATGCTCAAGATCTACCCGCCCAAGACGCGCAAGAAGCGCGAGAAGCAGCTCCTCCTCAACGATCCCGAGAATCCCCCGGAGATCGGAGCCAACACCCGCACCGTCCCCGGCATCATCACCCAGCGCGGCTGTACCTACGCGGGTTGCCGAGGCGTCGTCATCGGTCCCATCCATGACATTCTGCACATCACTCACGGCCCTGTCGGCTGCAGCTACTATAGCTGGCTGACGCGCCGCAATCTGGCCCGCATCAAGCCCGGCCAGCCGATCAACTACCTCCAGTACTGCATGACCACGGACATGATGGAGGAGGAGATCATCTTCGGTGGTGAGAAGAAGCTCGCCGCCGCCATTCGCGAGGCCTACCGCATCTTCAAGCCCAAGGCTATCGCGGTGTACGCCACCTGCCCTGTCGGGCTTATCGGTGACGACATCCACTCCGTCTGCCGTTTGGCCAAGGAGGAACTCGGCATCAACGTGTTCGGCTTCTCCTGCGAGGGCTACAAGGGCGTATCACAGTCTGCAGGCCATCACATCGCCAACAACGGTGTGTTCAAGCACATGGTCGGTCTGCTCGATGAACCCGACAAGGCTGAGTTCCGCATCAATGTGCTAGGCGAGTACAACATCGGTGGTGACGCCTGGGCCATCGACCAGCTCCTGCAGAAGTGCGGCATCCATGTGACCGCTACGCTCTCCGGCGACATCAGCTACGAGCAGATCTGCAAGTGCCATACCTCCGATCTGAATATCGTCATGTGCCATCGCTCGATCAATTACATGGCCGAGATGATGGAGACCAAGTACGGTATTCCGTGGATCAAGGTGAACTTCATCGGCGCCGAGCAGACCGCCAAGTCCCTGCGCAAGATCGCACAGTTCTTCGGTGAGAAGAAGCTGATCGATCGCGTCGAGGAAGTGATCGCCCAGGAGATGGCCGAGCTTCGCCCGGTCATCGAGGACGTGAAGTCCCGCCTGCAGGGCAAGACCGCTGCGATGTTCGTGGGCGGGTCCCGTGCCCATCACTACCAGCATCTCTTCAAGGATGTTGGCATGCTCACGGTCGCGGCCGGCTACGAGTTCGCTCACCGCGACGACTACGAGGGCCGCCAGGTTCTCCCGTCCATCAAGATTGACGCCGACTCGCGCAACATCGAGGAAATCGACGTCGAGGCAGATCCGAAGCGCTTCAATCCGCGCAAGTCGCCCGAGCAGCTGGACGCCCTCTCCAAGGGAGGCTTCAGCTTCAAGGATTACGACGGCATGATGCGCGAGATGAAGAAGAGCATGCTCATCATCGATGACATCTCGCACCATGAGATCGAGAAGCTGATCGAGCTGTACAAGCCCGACATCATCGGCTCGGGCATCAAGGACAAGTTCGTCATCGAGAAGTTCGGAGTGCCCTGCAAGCAGCTTCACTCCTACGACTACGGTGGTCCTTATGCCGCCTTCACCGGTGCGGCGAACTTCTACAAGGAGATCGACCGCATGATCGGCACCAAGGTCTGGAAGCTGGTAACCCCGGCCTGGAAGAAGCCCGCCGACGCCGACACCGCGCTTGGCAAGGGCATCGACAGCCCGAGGAACAAGGCGATCCGCGAGGTCGTCGCCGGCATGGCCAAGGCCTGGAAACCAAAGGCGAAGGCCGAGCCCAGCGAGGCCTGA,"Cassandra, JGI"
FCW18b Verrucomicrobia,MSDITPTPNEGYDSEGYPIPSANIPDAAEARAEMLKIYPPKTRKKREKQLLLNDPENPPEIGANTRTVPGIITQRGCTYAGCRGVVIGPIHDILHITHGPVGCSYYSWLTRRNLARIKPGQPINYLQYCMTTDMMEEEIIFGGEKKLAAAIREAYRIFKPKAIAVYATCPVGLIGDDIHSVCRLAKEELGINVFGFSCEGYKGVSQSAGHHIANNGVFKHMVGLLDEPDKAEFRINVLGEYNIGGDAWAIDQLLQKCGIHVTATLSGDISYEQICKCHTSDLNIVMCHRSINYMAEMMETKYGIPWIKVNFIGAEQTAKSLRKIAQFFGEKKLIDRVEEVIAQEMAELRPVIEDVKSRLQGKTAAMFVGGSRAHHYQHLFKDVGMLTVAAGYEFAHRDDYEGRQVLPSIKIDADSRNIEEIDVEADPKRFNPRKSPEQLDALSKGGFSFKDYDGMMREMKKSMLIIDDISHHEIEKLIELYKPDIIGSGIKDKFVIEKFGVPCKQLHSYDYGGPYAAFTGAANFYKEIDRMIGTKVWKLVTPAWKKPADADTALGKGIDSPRNKAIREVVAGMAKAWKPKAKAEPSEA*,ATGTCAGACATCACTCCCACGCCCAACGAGGGCTACGACAGCGAGGGCTACCCGATCCCGTCGGCGAACATTCCCGACGCCGCCGAGGCCCGCGCGGAGATGCTCAAGATCTACCCGCCCAAGACGCGCAAGAAGCGCGAGAAGCAGCTCCTCCTCAACGATCCCGAGAATCCCCCGGAGATCGGAGCCAACACCCGCACCGTCCCCGGCATCATCACCCAGCGCGGCTGTACCTACGCGGGTTGCCGAGGCGTCGTCATCGGTCCCATCCATGACATTCTGCACATCACTCACGGCCCTGTCGGCTGCAGCTACTATAGCTGGCTGACGCGCCGCAATCTGGCCCGCATCAAGCCCGGCCAGCCGATCAACTACCTCCAGTACTGCATGACCACGGACATGATGGAGGAGGAGATCATCTTCGGTGGTGAGAAGAAGCTCGCCGCCGCCATTCGCGAGGCCTACCGCATCTTCAAGCCCAAGGCTATCGCGGTGTACGCCACCTGCCCTGTCGGGCTTATCGGTGACGACATCCACTCCGTCTGCCGTTTGGCCAAGGAGGAACTCGGCATCAACGTGTTCGGCTTCTCCTGCGAGGGCTACAAGGGCGTATCACAGTCTGCAGGCCATCACATCGCCAACAACGGTGTGTTCAAGCACATGGTCGGTCTGCTCGATGAACCCGACAAGGCTGAGTTCCGCATCAATGTGCTAGGCGAGTACAACATCGGTGGTGACGCCTGGGCCATCGACCAGCTCCTGCAGAAGTGCGGCATCCATGTGACCGCTACGCTCTCCGGCGACATCAGCTACGAGCAGATCTGCAAGTGCCATACCTCCGATCTGAATATCGTCATGTGCCATCGCTCGATCAATTACATGGCCGAGATGATGGAGACCAAGTACGGTATTCCGTGGATCAAGGTGAACTTCATCGGCGCCGAGCAGACCGCCAAGTCCCTGCGCAAGATCGCACAGTTCTTCGGTGAGAAGAAGCTGATCGATCGCGTCGAGGAAGTGATCGCCCAGGAGATGGCCGAGCTTCGCCCGGTCATCGAGGACGTGAAGTCCCGCCTGCAGGGCAAGACCGCTGCGATGTTCGTGGGCGGGTCCCGTGCCCATCACTACCAGCATCTCTTCAAGGATGTTGGCATGCTCACGGTCGCGGCCGGCTACGAGTTCGCTCACCGCGACGACTACGAGGGCCGCCAGGTTCTCCCGTCCATCAAGATTGACGCCGACTCGCGCAACATCGAGGAAATCGACGTCGAGGCAGATCCGAAGCGCTTCAATCCGCGCAAGTCGCCCGAGCAGCTGGACGCCCTCTCCAAGGGAGGCTTCAGCTTCAAGGATTACGACGGCATGATGCGCGAGATGAAGAAGAGCATGCTCATCATCGATGACATCTCGCACCATGAGATCGAGAAGCTGATCGAGCTGTACAAGCCCGACATCATCGGCTCGGGCATCAAGGACAAGTTCGTCATCGAGAAGTTCGGAGTGCCCTGCAAGCAGCTTCACTCCTACGACTACGGTGGTCCTTATGCCGCCTTCACCGGTGCGGCGAACTTCTACAAGGAGATCGACCGCATGATCGGCACCAAGGTCTGGAAGCTGGTAACCCCGGCCTGGAAGAAGCCCGCCGACGCCGACACCGCGCTTGGCAAGGGCATCGACAGCCCGAGGAACAAGGCGATCCGCGAGGTCGTCGCCGGCATGGCCAAGGCCTGGAAACCAAAGGCGAAGGCCGAGCCCAGCGAGGCCTGA,"Cassandra, JGI"
Opitutaceae v TAV5,,,"Liv, JGI"
Opitutaceae Bacterium TSB47,,,"Liv, JGI"
Ca. Metehylacidiphilum fumariolicum SolV,,,"Cassandra, PubMed"
Ca. Metehylacidiphilum infernorum V4,,,"Cassandra, PubMed"
Terrimicrobium sacchariphilum,MLDLATPTISERSALKINPAKTCQPIGAMYAALGIHSCMPHSHGSQGCCAYHRSHLTRHFKEPVAATTSSFTEGASVFGGMANLQQALINIFSIYNPEVVAVHTTCLSEVIGDDIPTIIKKAREEGKIPEGKTVIHANTPSFVGSNVTGYSNMCVGIVNYLAEKSGESTEAINIFPGWLDPSDMRELKRVAEELGVKYTLCPDTSDVLDLPQTGVYEMYPKGGTPVEAIKRMGDAIKTVALGEFTAHPAAQKLNDKCGVPFEALDAPIGLTNTDLYIDALRRIAEVDVPASIDAERGRLLDVIQDIGQYFHEVPVAIFGDPDHVVAMTRFAIELGLKPKYVFSGATGRAFENRVNAILDGRFPDAIVKQQGDLFELHERIKADPVKLILGNTYGKHIGRAENIPLVRFGFPILDRVGHRLFPTVGYRGAMHLVEKISDALLDQRDRTCPEEWFELVQ,1atgttagacttagccacacccactatcagcgagcgcagcgcgctgaagatcaacccggcc61aagacatgccagcccatcggcgccatgtatgcggccctgggcattcatagctgcatgccg121cacagccacggttcgcagggatgctgcgcctatcatcgcagtcatctcacgcgtcacttc181aaggagccggtggcggcaaccaccagctccttcacggagggcgcatccgtctttggcggc241atggcgaacctccagcaggccctcatcaacatcttctcgatctacaatccggaagtcgtg301gcggtgcacaccacctgcctctccgaggtcatcggagacgacatcccgaccatcatcaag361aaggctcgcgaggaaggcaagatccccgagggcaagaccgtcatccacgccaacaccccg421agcttcgtcggttccaacgtgaccggctactcgaacatgtgcgtgggcatcgtgaactac481ctcgccgagaaatccggcgagagcacggaagcgatcaacatcttccccggctggctcgac541cccagcgacatgcgcgagctgaagagggtcgccgaggagctcggggtgaagtacacgctc601tgcccggatacctccgacgtcctcgatctgccccagaccggcgtctacgagatgtatccg661aaaggcggcactccggtggaagcgatcaagcgcatgggcgacgccatcaagacggtggcg721ctcggcgagttcaccgctcatcctgccgcgcagaagctcaacgacaagtgcggagtgcct781tttgaggcgctcgacgccccgatcggcctgaccaataccgacctctacatcgacgccctg841cgccgcatcgccgaggtggacgtgccggcctcgatcgacgcggagcgcggccgcctcctg901gatgtgatccaggatatcggtcaatacttccacgaggtgccggtcgccatcttcggcgat961cccgaccacgtggtggccatgacgcgcttcgccatcgagctcgggctcaagccgaagtac1021gtcttctccggtgcgaccggccgcgcctttgagaatcgcgtgaatgcgatcctcgatgga1081cgtttccccgacgccatcgtgaagcagcagggagacctctttgagttgcacgagcgcatc1141aaggctgatccagtgaagctcatcctgggcaacacctacggcaagcacatcgggcgcgcc1201gagaatatcccgctcgttcgcttcggattcccgatcctggatcgtgtgggccaccggctc1261ttcccgaccgtgggctaccgcggcgccatgcacctcgtggaaaagatcagcgacgcactg1321ctcgaccagcgcgaccgcacctgtcccgaggagtggttcgaactcgtccaataa,"Cassandra, PubMed"
Verrucomicrobia-Tous-C9LFEB,,,"Cassandra, PubMed"
Coraliomargarita akajimensis DSM 45221,MLDGTKAKVKERKALRVNPSKTCQPIGAMYAALGIHKCMPHSHGSQGCCAYHRSQLTRHFKEPVMATTSSFTEGASVFGGMSNLTTAITNIFSIYDADVIAVHTTCLSEVIGDDIPTIIKKNIAEGKIPEGKTVFHTNTPSFVGSEITGFANMVTSMVQYFSESTGETKDAVNIIPGWVEPADMRELHYICNEMGVKHIMMPDTSDVLDTPQTGIYEMYPKGGVTLDEIKAAGDSIATISLGDFASRPAATELEKKCNVPFSDLLIPVGITNTDEFVNALSKITDTEVPAELVRQRGQLLDAMVDMSQYLHKTTCAITGAPDHVIAMTQFAVDLGMVPKYCITGTPGKAFERRINEILEKAGIESAIVRANSDLHFLHQHLKNDPVDLLIGNTHLKHMSRAEGIPLVRFGFPIMDRMGHRYMPTVGYRGGLRLLEKITDAILQKKDDSSPEHLFELVM,1ttacataaccaactcgaagaggtgctctggactcgagtcgtccttcttctgtaggatggc61gtccgtgattttctcaagtaggcgaagtccgccgcggtaaccgactgtcggcatatagcg121atgacccatgcgatccataattgggaatccgaagcgcaccaatggaatgccctctgcacg181ggacatgtgcttaaggtgtgtgtttccaatgagcaagtcgaccggatcgttcttcaggtg241ttggtgaaggaagtggagatcgctattcgcgcgaacgattgcgctttcgattccagcctt301ctccaggatctcgttgatacgacgttcgaaggccttgcccggtgtgcccgtgatacagta361cttcggtaccatgcccagatcgacggcgaactgtgtcattgcgatgacatgatccggtgc421gccagtgatggcgcaggtggtcttgtgtaggtactgagacatgtcgaccatggcgtccaa481cagttgaccacgttggcgaaccagctcagctggaacctcggtatcggtgatcttactcag541cgcgttaacgaactcgtccgtgttggtgatcccgaccgggatgagtagatcgctgaatgg601gacgttacacttcttttccagttcggtcgctgccggcctggaggcgaagtcgccgagtga661gatcgtagcaatgctgtcgccagccgctttgatctcatcgagggtcacaccacccttggg721gtacatttcgtagatgccggtttgtggcgtatcgagtacgtccgatgtgtccggcatcat781gatatgtttcacgcccatctcgttacagatgtagtggagctcgcgcatgtctgcaggctc841aacccatccggggatgatgttcactgcatccttggtttcgccagtgctctcagaaaagta901ctgaaccatggaggtgaccatgttggcgaaaccagtgatttcagagccaacgaaggatgg961cgtgttggtgtggaagacagtcttgccttccgggatcttaccttcagcgatgttcttctt1021gatgatggtggggatgtcgtctccgatcacctctgataagcaggtggtgtggactgcgat1081gacatctgcgtcatagatagagaagatgttggtgatcgcagtggtaaggttcgacatgcc1141accaaacacggaggcaccttcagtaaaggaactggttgtcgccatgacaggttccttgaa1201gtgacgggtcagctggctgcggtgataggcgcagcaaccttgtgatccgtgactgtgtgg1261catgcacttgtggataccaagtgcggcgtacattgcgccgatgggctggcaagtctttga1321aggattcacccgcaaggccttgcgctcttttacttttgcttttgttccgtctaacat,"Cassandra, PubMed"
Rhodopseudomonas palustris (outgroup),MSTAVAESPADIKERNKALIAEVLEAYPDKSAKRRAKHLNTYDAEKAECSVKSNIKSIPGVMTIRGCAYAGSKGVVWGPIKDMVHISHGPVGCGQYSWGSRRNYYKGTTGVDTFGTMQFTSDFQEKDIVFGGDKKLGKIIDEIQELFPLSKGISVQSECPIGLIGDDIEAVSKAKSKQYDGKPIIPVRCEGFRGVSQSLGHHIANDVIRDWVFDKAAEKNAGFQSTPYDVAIIGDYNIGGDAWASRILLEEMGLRVIAQWSGDGTIAELENTPKAKLNILHCYRSMNYITRHMEEKFGIPWVEYNFFGPSKIEASLREIAAKFDDKIKEGAERVIAKYKPKMDAVIAKYRPRLEGKKVMLYVGGLRPRHVIGAYEDLGMEVVGTGYEFAHNDDYQRTTHYVKDGTLIYDDVTGYEFEKFVEKVQPDLVGSGVKEKYIFQKMGVPFRQMHSWDYSGPYHGYDGFGIFARDMDIAINAPVWKLTKAPWS,1tcagctccaaggcgccttggtcagtttccagaccggggcattgatggcgatgtccatgtc61gcgggcgaagatgccgaacccgtcgtagccgtgatacgggcccgaatagtcccaggagtg121catctggcggaacggaacgcccatcttctggaagatgtacttttccttgacgccggagcc181gaccaggtcgggctgcaccttctcgacgaacttctcgaattcgtagccggtgacgtcgtc241gtagatcagcgtgccgtccttcacgtaatgggtggtgcgctgatagtcgtcgttatgggc301gaactcatagccggtgccgaccacttccatgccgagatcttcgtaggcgccgatgacgtg361gcgcggacgcagacctccgacatagagcatcaccttcttgccttcgaggcgggggcgata421cttggcgatcaccgcatccatcttcggcttgtacttggcgatgacgcgctcggcgccttc481cttgatcttgtcgtcgaacttcgcggcgatctcacgcagcgaggcttcgatcttggacgg541gccgaagaagttgtattcaacccacggaataccgaacttctcttccatgtgccgcgtgat601gtagttcatcgaacggtagcagtgcaggatgttcagcttcgccttcggggtattctccag661ctcggcaatggtgccgtcgccggaccactgcgcgatcacgcggaggcccatttcctcgag721caggatgcgcgaggcccaggcgtcgccgccgatgttgtagtcgccgatgatcgcgacgtc781gtagggggtcgactggaagccggcgttcttctcggcggccttgtcgaacacccagtcacg841gatgacgtcgttggcgatgtggtgaccgagcgactgcgacacgccgcggaagccctcgca901acgcaccgggatgatcggcttgccatcatactgcttcgacttggccttggagaccgcctc961gatgtcgtcgccgatcagaccgatcgggcattccgactgaaccgagatacccttggagag1021cgggaacagctcctggatttcgtcgatgatcttgccgagcttcttgtcaccgccgaaaac1081gatgtccttctcctggaagtcggaggtgaactgcatcgtaccgaaagtgtcgacgccggt1141cgtgcccttgtaatagttgcggcgcgagccccacgaatactggccgcagccgaccgggcc1201gtggctgatgtggaccatgtccttgatcgggccccacaccacgcccttcgagccggcgta1261ggcgcaaccgcggatcgtcatcacgcccgggatcgacttgatgttggacttgaccgagca1321ctccgccttttcggcgtcgtacgtgttcagatgcttggcgcgacgcttagccgacttgtc1381cggataggcctccaggacttcggcgatcagcgccttgttacgttccttgatgtccgcggg1441ggattctgcgactgcggtgctcat,