"Bacteria, NifH",Amino Acid,DNA ,"Person who did this, Database used"
FCX16C Verrucomicrobia,MRKVAIYGKGGIGKSTTTQNTVAGLVEMGKKVMVVGCDPKADSTRLLLGGLAQRSVLDTLREEGEDVELVDIRAKGFCSSLCVESGGPEPGVGCAGRGIITSINMLEQLGAYDESEDLDYVFYDVLGDVVCGGFAMPIREGKAEEIYIVCSGEMMAMYAANNICKGIQKYAQTGVVRLGGLICNSRKVDNERQMIEKFAEQLGTQMIHFVPRENDVQRAEIQRKTVIEWNPKCAQADEYRTLARAIDNNKKFVIPKPLSIQELENLLMAYGLLGN*,ATGAGAAAAGTAGCCATCTACGGTAAGGGCGGTATTGGAAAATCCACTACAACCCAGAACACGGTCGCCGGTCTCGTTGAGATGGGCAAGAAGGTCATGGTGGTCGGTTGCGACCCCAAGGCCGACTCCACCCGCCTCCTGCTCGGAGGCCTGGCCCAGCGCAGCGTGCTCGACACGCTCCGCGAGGAAGGCGAGGACGTCGAGCTCGTTGACATCCGCGCAAAGGGATTCTGCAGCAGCCTCTGCGTAGAGTCCGGTGGTCCCGAGCCGGGCGTCGGTTGCGCCGGCCGCGGCATCATCACCTCGATCAACATGCTTGAGCAGCTTGGCGCGTACGACGAGAGCGAAGATCTCGACTACGTGTTCTATGATGTGCTCGGTGACGTGGTGTGCGGCGGTTTCGCGATGCCGATCCGCGAAGGCAAGGCTGAGGAGATCTACATCGTCTGCTCCGGCGAGATGATGGCGATGTATGCGGCCAACAACATCTGCAAGGGCATCCAGAAGTACGCCCAGACCGGTGTCGTGCGCCTGGGCGGCCTGATCTGCAACAGCCGCAAGGTGGACAACGAGCGCCAGATGATCGAGAAGTTCGCCGAGCAGCTCGGAACGCAGATGATCCACTTCGTGCCCCGCGAGAACGACGTGCAGCGCGCCGAGATTCAGCGCAAGACCGTCATCGAGTGGAACCCGAAGTGCGCACAGGCTGACGAGTATCGCACGCTGGCCCGCGCGATCGACAACAACAAGAAGTTCGTCATTCCCAAGCCGCTCTCGATCCAGGAGCTCGAGAACCTGCTCATGGCGTACGGCCTGCTCGGCAACTAA,"Cassandra, JGI"
FCW18b Verrucomicrobia,LGGLICNSRKVDNERQMIEKFAEQLGTQMIHFVPRENDVQRAEIQRKTVIEWNPKCAQADEYRTLARAIDNNKKFVIPKPLSIQELENLLMAYGLLGN*,CTGGGCGGCCTGATCTGCAACAGCCGCAAGGTGGACAACGAGCGCCAGATGATCGAGAAGTTCGCCGAGCAGCTCGGAACGCAGATGATCCACTTCGTGCCCCGCGAGAACGACGTGCAGCGCGCCGAGATTCAGCGCAAGACCGTCATCGAGTGGAACCCGAAGTGCGCACAGGCTGACGAGTATCGCACGCTGGCCCGCGCGATCGACAACAACAAGAAGTTCGTCATTCCCAAGCCGCTCTCGATCCAGGAGCTCGAGAACCTGCTCATGGCGTACGGCCTGCTCGGCAACTAA,"Liv, JGI-IMG"
Opitutaceae v TAV5,"MRKVAIYGKGGIGKSTTTQNTVAGLVEMGKKVMVVGCDPKADSTRLLLGG
LAQRSVLDTLREEGEDVELSDIRSPGFCNSLCVESGGPEPGVGCAGRGII
TSINMLEQLGAYDESEQLDYVFYDVLGDVVCGGFAMPIREGKAEEIYIVC
SGEMMAMYAANNISKGILKFAKTGTVRLGGLICNSRKVDNEREMIEKFAE
KLGTKMIHFVPRHNDVQRAEINRKTVIEWNKDCEQATEYRTLANAIANNT
NFVVPNPLSIQELEDLLMQYGLLN
","ATGAGAAAAGTAGCCATTTACGGCAAAGGTGGCATCGGCAAGTCCACCAC
CACCCAGAACACCGTCGCCGGTCTCGTCGAGATGGGCAAGAAGGTCATGG
TCGTCGGCTGCGACCCCAAGGCCGATTCCACCCGCCTCCTCCTCGGCGGC
CTCGCCCAGCGCTCCGTCCTCGACACCCTCCGCGAAGAAGGCGAGGACGT
TGAACTCTCCGACATCCGCTCTCCCGGCTTCTGCAACAGCCTCTGCGTCG
AGTCCGGCGGACCCGAGCCCGGAGTCGGCTGCGCCGGCCGCGGCATCATC
ACCTCGATCAACATGCTCGAACAACTCGGCGCCTACGACGAGAGCGAGCA
GCTCGACTACGTTTTTTACGACGTCCTCGGTGACGTCGTCTGCGGCGGAT
TCGCCATGCCGATCCGCGAAGGCAAGGCCGAGGAAATCTACATCGTGTGC
TCCGGCGAGATGATGGCCATGTACGCCGCCAACAACATCTCCAAGGGCAT
CCTCAAGTTCGCCAAGACCGGCACCGTCCGCCTCGGCGGCCTCATCTGCA
ACAGCCGCAAGGTCGACAACGAACGCGAGATGATCGAGAAGTTCGCCGAG
AAACTCGGCACCAAGATGATCCACTTCGTCCCCCGCCACAACGACGTGCA
GCGCGCCGAGATCAACCGCAAGACCGTGATCGAGTGGAACAAGGACTGCG
AGCAGGCCACCGAGTACCGCACCCTGGCCAACGCCATCGCGAACAACACC
AACTTCGTTGTTCCCAATCCCCTGAGCATCCAGGAACTCGAAGACCTCCT
CATGCAATACGGCCTCCTGAACTGA","Liv, JGI-IMG"
Opitutaceae Bacterium TSB47,MRKIAIYGKGGIGKSTTTQNTAAALAHFHDKKVFIHGCDPKADSTRLILGGKPQETLMDVLREQGAEKVTNDKVIKVGFKGIHCVESGGPEPGVGCAGRGVITAIDLMEGNGAYTPDLDFVFFDVLGDVVCGGFAMPIRDGKAQEVYIVASGEMMAVYAANNICKGLLKYAKQSGVRLGGVICNSRKVDKEREFIEEFTAAIGTKMIHFVPRDNIVQKAEFNKKTVTEYDEKENQAHEYSELGRKIIENTDFVIPKPLTMDELEKMVVKYGLAE,"ATGCGAAAAATAGCTATCTACGGAAAGGGCGGCATCGGCAAGTCGACCAC
CACCCAGAACACGGCGGCCGCGCTGGCCCACTTCCACGACAAGAAGGTCT
TTATACACGGATGCGATCCCAAGGCGGATTCCACCCGTCTCATCCTCGGC
GGCAAACCGCAGGAGACGCTGATGGACGTGCTCCGCGAGCAGGGGGCGGA
AAAGGTCACCAATGACAAGGTGATCAAGGTCGGCTTCAAGGGCATCCATT
GCGTCGAATCGGGCGGCCCCGAGCCGGGAGTCGGCTGCGCCGGGCGCGGC
GTGATCACCGCCATCGACCTCATGGAGGGCAACGGCGCCTACACGCCCGA
TCTCGACTTTGTGTTCTTCGATGTCCTCGGCGACGTGGTTTGCGGCGGCT
TCGCCATGCCCATCCGCGACGGCAAGGCGCAGGAAGTCTATATCGTGGCC
TCCGGCGAGATGATGGCGGTTTACGCCGCCAACAATATCTGCAAGGGCCT
GCTCAAGTATGCCAAGCAGAGCGGCGTGCGCCTGGGCGGCGTCATCTGCA
ACAGCCGCAAGGTGGACAAGGAACGCGAGTTCATCGAGGAATTCACCGCC
GCCATCGGCACCAAGATGATCCACTTTGTCCCGCGTGACAACATCGTGCA
AAAGGCCGAGTTTAACAAAAAAACCGTCACCGAATACGATGAGAAGGAAA
ACCAGGCTCACGAATATAGTGAACTGGGACGCAAGATCATCGAAAACACG
GATTTCGTCATTCCCAAGCCGCTGACCATGGACGAGCTCGAAAAGATGGT
CGTCAAATACGGCCTTGCGGAATAA","Liv, JGI-IMG"
Ca. Metehylacidiphilum fumariolicum SolV,,,
Ca. Metehylacidiphilum infernorum V4,,,
Terrimicrobium sacchariphilum,MRKIAIYGKGGIGKSTTTQNTVAGLVEMGRKVMVVGCDPKADSTRLLLGGLAQRSVLDTLREEGEDVDLEDIRSQGFCNALCVESGGPEPGVGCAGRGIITSINMLEQLGAYEDKVGLDYVFYDVLGDVVCGGFAMPIREGKAEEIYIVCSGEMMAMYAANNICKGIVKFAQTGVVRLGGLICNSRNVDRERDLIEAFAEKLGTQMIHFVPRDNDVQRAEINRKTVIEWNAEAPQADEYRALAKAIENNKKLVIPKPLPIEALEALLMEYGLFN,atgcggaagattgctatttacgggaagggtggaatcgggaagtcgacgaccactcagaacacagtggccggtctcgtcgagatgggccgcaaagtcatggtcgtgggatgcgatcccaaggccgactcaacccgcctcctgctcggcggcctcgcccagcgcagcgtgctcgacaccttgcgcgaagagggtgaggacgttgaccttgaggacatccgttcgcagggtttctgtaacgccctgtgcgtggagtccggtggtccggagccgggagtcggttgtgccggtcgcggcatcatcacctcgatcaacatgctcgagcagctcggcgcgtacgaggacaaggtcggtctcgactatgtcttttacgacgtgctgggtgacgtcgtgtgcggcggatttgccatgccgatccgcgagggcaaggccgaggaaatctacatcgtctgctccggcgagatgatggccatgtacgcggccaacaacatctgcaagggcatcgtgaagttcgcccagaccggcgtcgtccgtctcggcggcctcatctgcaacagccgtaacgtggaccgcgagcgcgatctcatcgaggcctttgccgaaaagctgggcacccagatgatccacttcgtgccgcgcgacaacgacgtgcagcgcgccgagatcaaccgcaagacggtgatcgagtggaacgccgaggctccgcaggccgacgaatatcgcgccctggccaaggccatcgaaaacaacaagaagctcgtcattccgaagccgctgcccatcgaggctctcgaagccctgctcatggaatacggcctctttaactaa,"Cassandra, PubMed"
Verrucomicrobia-Tous-C9LFEB,MRKVAIYGKGGIGKSTTTQNTVAGLVEMGKKVMVVGCDPKADSTRLLLGGLAQRSVLDTLREEGEDVELADIRSPGYCGSLCVESGGPEPGVGCAGRGIITSINMLEQLGAYNESEKLDYVFYDVLGDVVCGGFAMPIRENKAEEIYIVCSGEMMAMYAANNISKGILKFAQTGKVRLGGLICNSRKVDNEREMIEQFAKMLGTQMIHFVPRHNDVQRAEINRKTVIEWNPQAEQADEYRTLARAIDGNDMFVIPKPLAISELEKLLMDFGLAEV,1tcagacttcagcgagaccgaaatccatgaggagtttttccagctcactgatcgcgagcgg61cttcgggatcacgaacatgtcgttgccgtcgatggcgcgggccagcgtgcggtactcgtc121ggcctgctcggcctgcggattccactcgatcacggtcttgcgattgatttcagcgcgttg181cacatcgttgtggcgcgggacgaagtgaatcatctgcgtgcccagcatcttcgcgaactg241ctcgatcatctcacgttcgttgtcgaccttgcggctgttgcagatcagaccaccgaggcg301gaccttgccggtctgcgcgaatttgagaatacccttcgagatattgttggccgcgtacat361ggccatcatttcgccggaacagacaatgtagatttcctcggccttgttctcacggatcgg421catcgcgaatccgccgcataccacgtcaccgagaacgtcatagaacacgtagtcgagctt481ctcgctctcgttgtacgcgccgagctgctcaagcatgttgatcgaggtgatgataccgcg541accggcgcaacccactcccggctccggcccacccgattccacgcaaagggaaccgcaata601gccggggctgcgaatgtcagccagttcaacgtcttcaccttcttcgcggagcgtgtcgag661cacactgcgctgggccaaaccgccgaggaggaggcgggtcgaatcggccttgggatcgca721accgaccaccatgaccttcttacccatctcgaccagaccggcaaccgtgttctgggtcgt781ggtggacttgccaatgccacccttaccgtagatcgctacttttctcat,"Cassandra, PubMed"
Coraliomargarita akajimensis DSM 45221,"MRKIAIYGKGGIGKSTTTQNTVAGLAEMGKKVMVVGCDPKADSTRLLLGGLAQKSVLDTLREEGEDVELE
DIRSEGYSTSLCVESGGPEPGVGCAGRGIITSINMLEQLGAYDEEEGLDYVFYDVLGDVVCGGFAMPIRD
GKAEEIYIVCSGEMMAMYAANNICKGILKFAETGNVRLGGLICNSRKVDNEKEMIEEMAKMLGTQMIHFV
PRDNDVQRAEINRKTVIDWNPECNQADEYRALAKAIDANKKLVIPSPLTIDQLEKLLMDFGLFEAA",TTAAGCAGCTTCGAAGAGTCCGAAATCCATGAGCAGCTTTTCGAGCTGGTCGATGGTGAGTGGGCTCGGGATGACCAGTTTCTTGTTCGCGTCGATAGCCTTCGCCAGTGCACGGTACTCGTCGGCTTGATTGCACTCGGGGTTCCAGTCGATGACAGTCTTACGGTTGATTTCCGCACGTTGGACATCGTTGTCACGTGGTACGAAGTGGATCATCTGAGTGCCGAGCATCTTCGCCATCTCCTCGATCATTTCCTTTTCATTATCAACCTTACGGCTGTTGCAGATCAGACCGCCAAGGCGAACGTTGCCTGTTTCGGCAAATTTGAGGATACCCTTACAAATATTGTTAGCGGCATACATCGCCATCATTTCGCCGGAGCAAACGATGTAGATTTCTTCAGCTTTACCGTCGCGAATGGGCATAGCGAAGCCACCGCAAACAACGTCACCGAGGACGTCGTAAAATACGTAGTCGAGACCTTCCTCTTCATCGTAGGCGCCGAGCTGCTCGAGCATATTGATTGACGTGATGATGCCGCGGCCAGCGCAACCCACGCCAGGTTCCGGGCCACCGGATTCAACACAGAGGCTTGTGCTGTAGCCCTCAGAACGAATGTCCTCAAGCTCAACGTCTTCACCTTCCTCACGAAGTGTATCCAGAACAGACTTCTGGGCCAGACCGCCCAGCAGCAGACGGGTCGAGTCAGCCTTCGGGTCACAGCCAACGACCATGACCTTTTTTCCCATCTCTGCGAGACCAGCGACTGTGTTTTGTGTTGTAGTGGATTTTCCGATACCACCCTTACCGTAGATAGCGATCTTTCTCAT,"Emma, Pubmed"
Rhodopseudomonas palustris (outgroup),"MALRQIAFYGKGGIGKSTTSQNTLAALVDLGQKILIVGCDPKADSTRLILNTKMQDTVLSLAAEAGSVED
LELEDVMKVGYKGIKCTEAGGPEPGVGCAGRGVITAINFLEENGAYENVDYVSYDVLGDVVCGGFAMPIR
ENKAQEIYIVMSGEMMALYAANNIAKGILKYASSGGVRLGGLICNERQTDRELDLAEALAKRLNSQLIHF
VPRDNIVQHAELRRKTVIEYAPDCQQAKEYRALAEKIHANGGKGTIPTPITMEELEEMLLDFGIMKTEEQ
ALAELAAKEAAKLAAATA",atggcactgcgacaaatcgcattctacggcaagggcggcatcggcaagtcgaccacctctcaaaacacgctggcggctctggtcgatcttggccagaagatcctgatcgtcggctgcgaccccaaggcggattccacccgtctgatcctcaacaccaaaatgcaggacaccgtgctcagcctcgccgctgaagccggatcggtcgaggacctcgaactcgaagacgtgatgaaggtcggctacaagggcatcaagtgcaccgaggccggcggtcccgagccgggggtcggctgcgccggccgcggcgtcatcaccgcgatcaacttcctggaagagaacggcgcctatgagaacgtcgattacgtctcctatgacgtgctcggcgacgtggtctgcggcggcttcgcgatgccgatccgcgagaacaaggcccaggaaatctacatcgtgatgtccggcgagatgatggcgctgtacgccgccaacaacatcgccaagggcattctgaagtatgcgtcgtccggcggtgtccgcctcggcggcctgatctgcaacgagcgccagaccgaccgcgagctcgatctcgccgaggcgctggccaagcgtctgaactcgcagctgatccacttcgtgccgcgcgacaatatcgttcagcacgccgagctgcgccgcaagaccgtgatcgaatacgcgccggattgccagcaggccaaggaatatcgcgcgctggccgagaagatccacgccaatggcggcaagggcaccatcccgaccccgatcaccatggaagagctggaagagatgctgctcgatttcggcatcatgaagaccgaggagcaggcacttgccgagctcgccgccaaggaagccgcgaagctcgcagccgcgaccgcttga,