"Bacteria, NifK",Amino Acid,DNA ,Person who will do/  did this ,
FCX16C Verrucomicrobia,MLNGTTAEVVERSALRINPAKTCQPIGAMYAALGIHGCMPHSHGSQGCCSYHRSHLTRHFKEPVMATTSSFTEGASVFGGLANLTQAIRNIFTIYNPEIVAVHTTCLSEVIGDDIPTIVRKAKEEGSIPEGKVVIHANTPSFVGSHVYGFSAMTTAMVNYLAEKSGTTLNQVNVIPGWVEPADMREIKRLAKEMDVNLVMFPDTSNVLDGPLTGQYKMYPEGGATVAQIKSSGDSIATVALGHFGSHVAAATLESKCNVPAAFMEMPIGVGLTDKFIGALANYAGVEVPASVELERGRLVDLMSDLHQYFHGKRVAISGDPDQVIALTQFLLELEMKPVYCITGSPGNQFEKRMHEILDPVVPDAKIKMNSDLFELHQWMKREPVDLLITNTYGKSIARVENVPFVRFGFPIMDRAAHRFNPTLGYAGAINLVNQMLNAILDKKDRECAEEWFELVQ*,ATGCTTAATGGAACCACCGCAGAGGTCGTCGAGCGCAGCGCGCTCCGGATCAATCCCGCCAAGACCTGCCAGCCGATCGGCGCCATGTACGCCGCTCTCGGCATCCACGGATGCATGCCCCACAGCCACGGCTCGCAGGGCTGCTGCTCCTATCACCGAAGCCATCTGACCCGGCACTTCAAGGAGCCGGTCATGGCCACCACGAGCTCCTTCACCGAGGGTGCCTCGGTGTTCGGCGGTCTCGCCAACCTGACCCAGGCCATCCGCAACATCTTCACGATCTACAATCCTGAGATCGTGGCGGTGCACACAACCTGCCTGTCCGAGGTCATCGGCGATGACATTCCGACCATCGTCCGCAAGGCCAAGGAGGAGGGCTCCATCCCCGAGGGCAAGGTCGTCATTCATGCGAACACCCCGTCCTTCGTGGGCTCGCACGTTTACGGCTTCTCCGCGATGACCACCGCGATGGTGAACTACCTCGCCGAGAAGTCGGGAACGACCCTCAATCAGGTCAACGTCATTCCCGGCTGGGTTGAGCCCGCCGACATGCGCGAGATCAAGCGCCTGGCCAAGGAAATGGACGTGAATCTGGTGATGTTCCCCGACACCTCCAACGTCCTAGATGGTCCTCTCACCGGCCAGTATAAGATGTATCCGGAGGGTGGCGCCACGGTCGCTCAGATCAAGTCCTCTGGCGACAGCATCGCCACGGTCGCGCTCGGCCACTTCGGCTCCCATGTCGCTGCTGCGACGCTCGAGTCCAAGTGCAACGTTCCGGCCGCCTTCATGGAGATGCCCATCGGCGTGGGGCTGACCGACAAGTTCATCGGAGCTCTGGCCAATTATGCCGGAGTCGAGGTGCCTGCCTCGGTCGAACTCGAGCGCGGCCGTCTGGTCGACCTGATGAGCGACCTGCACCAGTACTTCCACGGCAAGCGCGTGGCGATTTCTGGTGATCCCGATCAGGTCATCGCCCTCACCCAGTTCCTCCTGGAGCTGGAGATGAAGCCGGTGTACTGCATCACCGGATCCCCGGGCAACCAGTTCGAGAAGCGCATGCACGAGATCCTCGATCCCGTGGTGCCGGACGCCAAGATCAAGATGAACTCCGACCTCTTCGAGCTTCACCAGTGGATGAAGCGCGAGCCGGTCGACCTGCTCATCACGAACACGTACGGCAAGAGCATCGCGCGCGTTGAGAACGTCCCCTTCGTCCGGTTTGGTTTCCCGATCATGGATCGCGCCGCCCATCGCTTCAACCCGACCCTGGGTTATGCGGGCGCCATCAATCTGGTCAACCAGATGCTCAACGCCATCCTCGACAAGAAGGATCGCGAGTGCGCCGAAGAGTGGTTCGAACTCGTCCAGTGA,"Cassandra, JGI",https://www.browserling.com/tools/remove-all-whitespace
FCW18b Verrucomicrobia,MLNGTTAEVVERSALRINPAKTCQPIGAMYAALGIHGCMPHSHGSQGCCSYHRSHLTRHFKEPVMATTSSFTEGASVFGGLANLTQAIRNIFTIYNPEIVAVHTTCLSEVIGDDIPTIVRKAKEEGSIPEGKVVIHANTPSFVGSHVYGFSAMTTAMVNYLAEKSGTTLNQVNVIPGWVEPADMREIKRLAKEMDVNLVMFPDTSNVLDGPLTGQYKMYPEGGATVAQIKSSGDSIATVALGHFGSHVAAATLESKCNVPAAFMEMPIGVGLTDKFIGALANYAGVEVPASVELERGRLVDLMSDLHQYFHGKRVAISGDPDQVIALTQFLLELEMKPVYCITGSPGNQFEKRMHEILDPVVPDAKIKMNSDLFELHQWMKREPVDLLITNTYGKSIARVENVPFVRFGFPIMDRAAHRFNPTLGYAGAINLVNQMLNAILDKKDRECAEEWFELVQ*,ATGCTTAATGGAACCACCGCAGAGGTCGTCGAGCGCAGCGCGCTCCGGATCAATCCCGCCAAGACCTGCCAGCCGATCGGCGCCATGTACGCCGCTCTCGGCATCCACGGATGCATGCCCCACAGCCACGGCTCGCAGGGCTGCTGCTCCTATCACCGAAGCCATCTGACCCGGCACTTCAAGGAGCCGGTCATGGCCACCACGAGCTCCTTCACCGAGGGTGCCTCGGTGTTCGGCGGTCTCGCCAACCTGACCCAGGCCATCCGCAACATCTTCACGATCTACAATCCTGAGATCGTGGCGGTGCACACAACCTGCCTGTCCGAGGTCATCGGCGATGACATTCCGACCATCGTCCGCAAGGCCAAGGAGGAGGGCTCCATCCCCGAGGGCAAGGTCGTCATTCATGCGAACACCCCGTCCTTCGTGGGCTCGCACGTTTACGGCTTCTCCGCGATGACCACCGCGATGGTGAACTACCTCGCCGAGAAGTCGGGAACGACCCTCAATCAGGTCAACGTCATTCCCGGCTGGGTTGAGCCCGCCGACATGCGCGAGATCAAGCGCCTGGCCAAGGAAATGGACGTGAATCTGGTGATGTTCCCCGACACCTCCAACGTCCTAGATGGTCCTCTCACCGGCCAGTATAAGATGTATCCGGAGGGTGGCGCCACGGTCGCTCAGATCAAGTCCTCTGGCGACAGCATCGCCACGGTCGCGCTCGGCCACTTCGGCTCCCATGTCGCTGCTGCGACGCTCGAGTCCAAGTGCAACGTTCCGGCCGCCTTCATGGAGATGCCCATCGGCGTGGGGCTGACCGACAAGTTCATCGGAGCTCTGGCCAATTATGCCGGAGTCGAGGTGCCTGCCTCGGTCGAACTCGAGCGCGGCCGTCTGGTCGACCTGATGAGCGACCTGCACCAGTACTTCCACGGCAAGCGCGTGGCGATTTCTGGTGATCCCGATCAGGTCATCGCCCTCACCCAGTTCCTCCTGGAGCTGGAGATGAAGCCGGTGTACTGCATCACCGGATCCCCGGGCAACCAGTTCGAGAAGCGCATGCACGAGATCCTCGATCCCGTGGTGCCGGACGCCAAGATCAAGATGAACTCCGACCTCTTCGAGCTTCACCAGTGGATGAAGCGCGAGCCGGTCGACCTGCTCATCACGAACACGTACGGCAAGAGCATCGCGCGCGTTGAGAACGTCCCCTTCGTCCGGTTTGGTTTCCCGATCATGGATCGCGCCGCCCATCGCTTCAACCCGACCCTGGGTTATGCGGGCGCCATCAATCTGGTCAACCAGATGCTCAACGCCATCCTCGACAAGAAGGATCGCGAGTGCGCCGAAGAGTGGTTCGAACTCGTCCAGTGA,"Cassandra, JGI",
Opitutaceae  TAV5,,,"Cassandra, PubMed",
Opitutaceae Bacterium TSB47,"MMLNGTTAEIVERKALRINAAKTCQPIGAMYASLGIHGCMPHSHGSQGCC
SYHRSHLTRHFKEPVVATTSSFTEGASVFGGLANLTQALKNIFSIYNPDI
VAVHTTCLSEVIGDDVPTIVKRAKEEGAVPEGKLVIHTNTPSFVGSHITG
FANMVSSIIKYLAERTGETKNQINLIPGFVEPADMRELKRLTRLMGVPFV
MLPDTSGVLDGGLDGEYQMFPKGGTTIPEIKSMGDSIATLAFGHFTSNPG
AVTLENKHNVPSQLLELPVGVGGTDAFIQALRAFSPDGAVHEDIAAERGR
LIDMISDMQQYFHQKRVAIAGDPDHVIAMTKFALELGLRPVYVITGSQGN
HFEKRLHELLDPVVPDAKIKQQADFFELHQWIKNAPVDLILANTYGKYIA
RVEDIPLVRFGFPILDRVGHRFFTTMGYAGAIRLIDQITGALFDKKDRTC
PEEWFELVM","ATCATGCTCAACGGAACCACCGCAGAGATCGTCGAACGCAAGGCGCTTCG
CATCAACGCCGCCAAGACCTGCCAGCCCATCGGGGCCATGTATGCCTCGC
TCGGCATCCACGGCTGCATGCCGCACAGCCACGGCTCGCAAGGCTGCTGC
TCCTATCACCGCTCGCACCTCACCCGCCACTTCAAGGAGCCCGTCGTCGC
CACGACCAGCTCCTTCACCGAAGGCGCCTCCGTCTTCGGCGGGCTCGCCA
ACCTCACCCAGGCGCTCAAAAACATCTTCTCGATCTACAATCCCGACATC
GTCGCCGTGCACACCACCTGCCTCTCCGAGGTCATCGGCGACGACGTGCC
CACGATCGTGAAGCGCGCGAAGGAGGAAGGCGCCGTCCCCGAGGGCAAGC
TCGTCATCCACACCAACACGCCGAGCTTCGTCGGCTCGCACATCACCGGC
TTCGCCAACATGGTCTCCTCGATCATCAAGTATCTGGCCGAGCGCACCGG
TGAGACGAAAAACCAGATCAACCTCATCCCCGGTTTCGTCGAGCCCGCCG
ACATGCGCGAGCTCAAGCGCCTCACCCGGCTCATGGGCGTGCCCTTCGTC
ATGCTCCCCGACACCTCCGGCGTGCTCGACGGCGGGCTCGACGGCGAATA
CCAGATGTTCCCCAAGGGCGGCACCACCATTCCCGAGATCAAGTCCATGG
GCGACAGCATCGCCACGCTCGCGTTCGGCCATTTCACCAGCAACCCCGGA
GCCGTCACGCTGGAGAACAAACACAACGTCCCCAGCCAGCTCCTCGAGCT
GCCCGTCGGCGTCGGCGGCACCGACGCCTTCATCCAGGCCCTCCGCGCCT
TTTCGCCCGACGGGGCCGTGCACGAGGACATCGCCGCCGAGCGCGGCCGC
CTCATCGACATGATCAGCGACATGCAGCAGTATTTCCACCAGAAGCGCGT
CGCCATCGCCGGAGATCCCGACCACGTCATCGCCATGACCAAGTTCGCCC
TCGAGCTCGGCCTGCGGCCCGTTTACGTGATCACCGGCAGCCAGGGCAAC
CACTTCGAGAAACGCCTCCACGAACTCCTCGATCCCGTCGTGCCCGACGC
GAAGATCAAGCAGCAGGCCGACTTCTTCGAGCTGCACCAGTGGATCAAGA
ACGCCCCCGTGGACCTGATTCTCGCCAACACCTACGGCAAATACATCGCC
CGCGTGGAGGACATCCCGCTCGTGCGTTTCGGCTTCCCGATCCTCGACCG
CGTCGGCCACCGCTTCTTCACCACGATGGGCTACGCCGGCGCCATCCGCC
TGATCGACCAGATCACCGGCGCGCTCTTCGACAAGAAGGACCGCACCTGT
CCCGAGGAGTGGTTCGAGCTTGTCATGTAA",,"Liv, JGI"
Ca. Metehylacidiphilum fumariolicum SolV,,,,"Cassandra, PubMed"
Ca. Metehylacidiphilum infernorum V4,,,,"Cassandra, PubMed"
Terrimicrobium sacchariphilum,,,,"Cassandra, PubMed"
Verrucomicrobia-Tous-C9LFEB,,,,"Cassandra, PubMed"
Coraliomargarita akajimensis DSM 45221,MLDGTKAKVKERKALRVNPSKTCQPIGAMYAALGIHKCMPHSHGSQGCCAYHRSQLTRHFKEPVMATTSSFTEGASVFGGMSNLTTAITNIFSIYDADVIAVHTTCLSEVIGDDIPTIIKKNIAEGKIPEGKTVFHTNTPSFVGSEITGFANMVTSMVQYFSESTGETKDAVNIIPGWVEPADMRELHYICNEMGVKHIMMPDTSDVLDTPQTGIYEMYPKGGVTLDEIKAAGDSIATISLGDFASRPAATELEKKCNVPFSDLLIPVGITNTDEFVNALSKITDTEVPAELVRQRGQLLDAMVDMSQYLHKTTCAITGAPDHVIAMTQFAVDLGMVPKYCITGTPGKAFERRINEILEKAGIESAIVRANSDLHFLHQHLKNDPVDLLIGNTHLKHMSRAEGIPLVRFGFPIMDRMGHRYMPTVGYRGGLRLLEKITDAILQKKDDSSPEHLFELVM,1ttacataaccaactcgaagaggtgctctggactcgagtcgtccttcttctgtaggatggc61gtccgtgattttctcaagtaggcgaagtccgccgcggtaaccgactgtcggcatatagcg121atgacccatgcgatccataattgggaatccgaagcgcaccaatggaatgccctctgcacg181ggacatgtgcttaaggtgtgtgtttccaatgagcaagtcgaccggatcgttcttcaggtg241ttggtgaaggaagtggagatcgctattcgcgcgaacgattgcgctttcgattccagcctt301ctccaggatctcgttgatacgacgttcgaaggccttgcccggtgtgcccgtgatacagta361cttcggtaccatgcccagatcgacggcgaactgtgtcattgcgatgacatgatccggtgc421gccagtgatggcgcaggtggtcttgtgtaggtactgagacatgtcgaccatggcgtccaa481cagttgaccacgttggcgaaccagctcagctggaacctcggtatcggtgatcttactcag541cgcgttaacgaactcgtccgtgttggtgatcccgaccgggatgagtagatcgctgaatgg601gacgttacacttcttttccagttcggtcgctgccggcctggaggcgaagtcgccgagtga661gatcgtagcaatgctgtcgccagccgctttgatctcatcgagggtcacaccacccttggg721gtacatttcgtagatgccggtttgtggcgtatcgagtacgtccgatgtgtccggcatcat781gatatgtttcacgcccatctcgttacagatgtagtggagctcgcgcatgtctgcaggctc841aacccatccggggatgatgttcactgcatccttggtttcgccagtgctctcagaaaagta901ctgaaccatggaggtgaccatgttggcgaaaccagtgatttcagagccaacgaaggatgg961cgtgttggtgtggaagacagtcttgccttccgggatcttaccttcagcgatgttcttctt1021gatgatggtggggatgtcgtctccgatcacctctgataagcaggtggtgtggactgcgat1081gacatctgcgtcatagatagagaagatgttggtgatcgcagtggtaaggttcgacatgcc1141accaaacacggaggcaccttcagtaaaggaactggttgtcgccatgacaggttccttgaa1201gtgacgggtcagctggctgcggtgataggcgcagcaaccttgtgatccgtgactgtgtgg1261catgcacttgtggataccaagtgcggcgtacattgcgccgatgggctggcaagtctttga1321aggattcacccgcaaggccttgcgctcttttacttttgcttttgttccgtctaacat,,"Cassandra, PubMed"
Rhodopseudomonas palustris (outgroup),MTETAEKIRDHFDLFREPQYEELMENKRKNFENYVGEAEVARVSDWTKTKEYQDKNFAREALVINPAKACQPLGAVFAAVGFEKTLPFVHGSQGCVAYYRSHFTRHFKEPTSCVSSSMTEDAAVFGGLNNMIDGLANAYALYKPKMIAVSTTCMAEVIGDDLNAFIKNAKEKGSVPTDFDVTYAHTPAFVGSHITGYDNTMKGVVEHFWDGKSGTAPKLERKPNESINFLGGFDGYTVGNLREIKRIFDTMGVEYTIFGDNSDVWDTPADGEFRMYDGGTTLEQAANAVHAKATISMQEFCTEKTLATIAEHGQEVVAFNHPVGVSGTDRFLQAVSRITGKAIPEALTKERGRLVDAIADSAAHIHGKKFAIYGDPDLCYGLAEFILELGGEPTHILATNGNKTWEAKVQALLDSSPFGAGCKVYAGKDLWHLRSLLFTEPVDFMIGNTYGKYLERDTGTPLIRIGFPIFDRHHHHRAPVWGYQGSMNVLVKILDKIFDEMDKSTNAAGKTDISFDIIR,1tcaccggatgatgtcgaagctgatgtcggtcttgccggcggcgttggtcgacttgtccat61ttcgtcgaagatcttgtcgaggatcttgaccaggacgttcatcgaaccctgatagcccca121caccggcgcgcggtgatggtgatggcgatcgaagatcgggaagccgatgcggatcagcgg181cgtgccggtgtcgcgctcgagatacttgccgtaggtgttgccgatcatgaagtcgaccgg241ttcggtgaacagcagcgagcgcaggtgccagagatccttgccggcgtagaccttgcagcc301agcgccgaacggcgatgagtcaagcagcgcctgcaccttggcttcccacgtcttgttgcc361gttggtggcgaggatgtgggtgggttcgccgccgagctcgaggatgaattcggcgaggcc421gtagcacaggtccggatcgccatagatggcgaacttcttgccgtggatgtgggctgccga481gtcggcgatggcgtcgaccagccggccgcgctccttggtcagcgcttcggggatcgcttt541gccggtgatccgcgacaccgcctgcaggaagcgatcggtgccgctgacgccgaccgggtg601attgaacgccacgacctcctggccgtgctcggcgatcgtcgccagcgtcttttcggtgca661gaactcctgcatcgaaatcgtcgccttggcgtggacggcgttggcggcctgctccagcgt721ggtgccgccgtcatacatccggaactcgccgtcggccggggtgtcccagacgtcgctgtt781gtcgccgaagatggtgtattcgacgcccatcgtgtcgaagatgcgcttgatttcgcggag841gttaccgacggtgtagccgtcgaagccgccgaggaagttgatcgactcgttcggcttgcg901ctcgagcttcggcgcggtgccggacttgccgtcccagaagtgctcgaccacgcccttcat961ggtgttgtcgtagccggtgatatggctgccgacgaacgccggggtgtgggcgtaggtgac1021gtcgaagtcggtcggaaccgagcccttttccttggcgttcttgatgaacgcgttgaggtc1081gtcaccgatgacttccgccatgcaggtggtcgagaccgcgatcatcttcggcttgtacag1141cgcataggcgttggccaggccgtcgatcatgttgttgaggccgccgaacaccgcggcgtc1201ttcggtcatcgacgacgacacgcaggaggtcggctccttgaagtgccgggtgaagtggct1261gcgatagtaagcgacgcagccctgcgagccatgcacgaacggcagcgtcttttcgaagcc1321gaccgccgcgaacaccgcgccgagcggctggcaggccttggccgggttgatgacaagcgc1381ttcgcgggcgaagttcttgtcctgatattccttggtcttggtccaatccgagacgcgcgc1441gacctcggcttcgccaacatagttctcgaaattcttccgcttgttctccatcaactcttc1501gtactggggctcacggaagaggtcgaagtgatcgcggatcttctctgcggtctcggtcat,,"Cassandra, PubMed"